<?xml version="1.0" encoding="UTF-8"?>
<!DOCTYPE plist PUBLIC "-//Apple//DTD PLIST 1.0//EN" "http://www.apple.com/DTDs/PropertyList-1.0.dtd">
<plist version="1.0">
<dict>
	<key>LayoutID</key>
	<integer>12</integer>
	<key>PathMapRef</key>
	<array>
		<dict>
			<key>CodecID</key>
			<array>
				<integer>283902569</integer>
			</array>
			<key>Headphone</key>
			<dict>
				<key>AmpPostDelay</key>
				<integer>150</integer>
				<key>AmpPreDelay</key>
				<integer>150</integer>
				<key>MuteGPIO</key>
				<integer>0</integer>
			</dict>
			<key>Inputs</key>
			<array>
				<string>Mic</string>
				<string>LineIn</string>
			</array>
			<key>IntSpeaker</key>
			<dict>
				<key>MaximumBootBeepValue</key>
				<integer>110</integer>
				<key>MuteGPIO</key>
				<integer>0</integer>
			</dict>
			<key>LineIn</key>
			<dict/>
			<key>Mic</key>
			<dict>
				<key>SignalProcessing</key>
				<dict>
					<key>SoftwareDSP</key>
					<dict>
						<key>DspFunction0</key>
						<dict>
							<key>FunctionInfo</key>
							<dict>
								<key>DspFuncInstance</key>
								<integer>0</integer>
								<key>DspFuncName</key>
								<string>DspNoiseReduction</string>
								<key>DspFuncProcessingIndex</key>
								<integer>0</integer>
							</dict>
							<key>ParameterInfo</key>
							<dict>
								<key>1</key>
								<integer>0</integer>
								<key>2</key>
								<integer>1</integer>
								<key>3</key>
								<integer>0</integer>
								<key>4</key>
								<integer>-1073029587</integer>
								<key>5</key>
								<data>
								UNiAwmgCb8Kc
								oIHCjGeGwko3
								g8KLS3nClQV9
								wnr7hMLRp43C
								AIiSwlajlcLn
								K5jCHMuYwrl9
								lcJXm4/CBhmQ
								wuJvlMKbxJTC
								7qyUwtjDl8KU
								+ZzCnCaewsmu
								ncK/i5/CJtSe
								wp8um8Lex5rC
								2QCdwq1lnsJ1
								05zC9qmcwrMc
								nsLj/qDCZs2h
								whtCocIFoZ/C
								CxOewrxwncIK
								iZrCyO+Ywsmt
								msID5p7CeNqf
								whNMncKWIp3C
								hrycwiJcm8Ik
								jJ3CsKqfwuBy
								n8Iu8ZvCvyiW
								whbdkcIEu4vC
								UfWLwoYrlcIy
								5J3Ci9ycwp0l
								nsK0QaDCOiyg
								wnxdn8IztJ7C
								iq2fwhFzosLI
								ZaPCwUOjwo6T
								osIkR6LC6veh
								wtrwosIdtJ/C
								XLmbwlSZmcKD
								hJXCDFGRwnV6
								j8JTjY/CrqGQ
								wgqYk8INzpjC
								uTufwrjlocKv
								iKPC5Yqlwgdm
								pcKZ2aXCGium
								wq95osJOIJ/C
								xl+ewtWGl8Km
								PJPC+sSawkdH
								o8JWB6LCskyh
								wqk7pcIth6nC
								h4Wswk+crcK9
								J6zCYJWqwmVJ
								q8K8063C+1Gu
								wiQAqMJjvZ/C
								jo2hwsParsLR
								XrXCec63wr6I
								ucLzD7rCuQy7
								wjs8vsKfJsLC
								xgrFwqVeyMIT
								6srCU+nMwv+M
								0MKaftbCpcjd
								wm+p5sL/CfHC
								HcT8wrp3A8Pi
								JAzD
								</data>
							</dict>
							<key>PatchbayInfo</key>
							<dict/>
						</dict>
						<key>DspFunction1</key>
						<dict>
							<key>FunctionInfo</key>
							<dict>
								<key>DspFuncInstance</key>
								<integer>1</integer>
								<key>DspFuncName</key>
								<string>DspGainStage</string>
								<key>DspFuncProcessingIndex</key>
								<integer>1</integer>
							</dict>
							<key>ParameterInfo</key>
							<dict>
								<key>1</key>
								<integer>0</integer>
								<key>2</key>
								<integer>1078616770</integer>
								<key>3</key>
								<integer>1078616770</integer>
							</dict>
							<key>PatchbayInfo</key>
							<dict>
								<key>InputPort0</key>
								<dict>
									<key>PortInstance</key>
									<integer>0</integer>
									<key>PortWidth</key>
									<integer>1</integer>
									<key>SourceFuncInstance</key>
									<integer>0</integer>
									<key>SourcePortIndex</key>
									<integer>0</integer>
								</dict>
								<key>InputPort1</key>
								<dict>
									<key>PortInstance</key>
									<integer>1</integer>
									<key>PortWidth</key>
									<integer>1</integer>
									<key>SourceFuncInstance</key>
									<integer>0</integer>
									<key>SourcePortIndex</key>
									<integer>1</integer>
								</dict>
							</dict>
						</dict>
						<key>DspFunction2</key>
						<dict>
							<key>FunctionInfo</key>
							<dict>
								<key>DspFuncInstance</key>
								<integer>2</integer>
								<key>DspFuncName</key>
								<string>DspEqualization</string>
								<key>DspFuncProcessingIndex</key>
								<integer>2</integer>
							</dict>
							<key>ParameterInfo</key>
							<dict>
								<key>1</key>
								<integer>0</integer>
								<key>Filter</key>
								<array>
									<dict>
										<key>2</key>
										<integer>2</integer>
										<key>3</key>
										<integer>0</integer>
										<key>4</key>
										<integer>0</integer>
										<key>5</key>
										<integer>1</integer>
										<key>6</key>
										<integer>1132560510</integer>
										<key>7</key>
										<integer>1064190664</integer>
										<key>8</key>
										<integer>-1057196819</integer>
									</dict>
									<dict>
										<key>2</key>
										<integer>2</integer>
										<key>3</key>
										<integer>8</integer>
										<key>4</key>
										<integer>0</integer>
										<key>5</key>
										<integer>4</integer>
										<key>6</key>
										<integer>1150544383</integer>
										<key>7</key>
										<integer>1068848526</integer>
										<key>8</key>
										<integer>-1073422534</integer>
									</dict>
									<dict>
										<key>2</key>
										<integer>2</integer>
										<key>3</key>
										<integer>15</integer>
										<key>4</key>
										<integer>0</integer>
										<key>5</key>
										<integer>0</integer>
										<key>6</key>
										<integer>1182094222</integer>
										<key>7</key>
										<integer>1063679547</integer>
										<key>8</key>
										<integer>-1048213171</integer>
									</dict>
								</array>
							</dict>
							<key>PatchbayInfo</key>
							<dict>
								<key>InputPort0</key>
								<dict>
									<key>PortInstance</key>
									<integer>0</integer>
									<key>PortWidth</key>
									<integer>1</integer>
									<key>SourceFuncInstance</key>
									<integer>1</integer>
									<key>SourcePortIndex</key>
									<integer>0</integer>
								</dict>
								<key>InputPort1</key>
								<dict>
									<key>PortInstance</key>
									<integer>1</integer>
									<key>PortWidth</key>
									<integer>1</integer>
									<key>SourceFuncInstance</key>
									<integer>1</integer>
									<key>SourcePortIndex</key>
									<integer>1</integer>
								</dict>
							</dict>
						</dict>
						<key>DspFunction3</key>
						<dict>
							<key>FunctionInfo</key>
							<dict>
								<key>DspFuncInstance</key>
								<integer>3</integer>
								<key>DspFuncName</key>
								<string>DspMultibandDRC</string>
								<key>DspFuncProcessingIndex</key>
								<integer>3</integer>
							</dict>
							<key>ParameterInfo</key>
							<dict>
								<key>1</key>
								<integer>0</integer>
								<key>Crossover</key>
								<dict>
									<key>4</key>
									<integer>1</integer>
									<key>5</key>
									<integer>0</integer>
									<key>6</key>
									<integer>1128792064</integer>
								</dict>
								<key>Limiter</key>
								<array>
									<dict>
										<key>10</key>
										<integer>-1068807345</integer>
										<key>11</key>
										<integer>1097982434</integer>
										<key>12</key>
										<integer>-1038380141</integer>
										<key>13</key>
										<integer>1068906038</integer>
										<key>14</key>
										<integer>-1036233644</integer>
										<key>15</key>
										<integer>1065353216</integer>
										<key>16</key>
										<integer>1101004800</integer>
										<key>17</key>
										<integer>1101004800</integer>
										<key>18</key>
										<integer>1128792064</integer>
										<key>19</key>
										<integer>1101004800</integer>
										<key>2</key>
										<integer>1</integer>
										<key>20</key>
										<integer>1127866850</integer>
										<key>21</key>
										<integer>0</integer>
										<key>22</key>
										<integer>0</integer>
										<key>23</key>
										<integer>1</integer>
										<key>3</key>
										<integer>0</integer>
										<key>7</key>
										<integer>0</integer>
										<key>8</key>
										<integer>0</integer>
										<key>9</key>
										<integer>0</integer>
									</dict>
								</array>
							</dict>
							<key>PatchbayInfo</key>
							<dict>
								<key>InputPort0</key>
								<dict>
									<key>PortInstance</key>
									<integer>0</integer>
									<key>PortWidth</key>
									<integer>1</integer>
									<key>SourceFuncInstance</key>
									<integer>2</integer>
									<key>SourcePortIndex</key>
									<integer>0</integer>
								</dict>
								<key>InputPort1</key>
								<dict>
									<key>PortInstance</key>
									<integer>1</integer>
									<key>PortWidth</key>
									<integer>1</integer>
									<key>SourceFuncInstance</key>
									<integer>2</integer>
									<key>SourcePortIndex</key>
									<integer>1</integer>
								</dict>
							</dict>
						</dict>
					</dict>
				</dict>
			</dict>
			<key>Outputs</key>
			<array>
				<string>Headphone</string>
				<string>IntSpeaker</string>
			</array>
			<key>PathMapID</key>
			<integer>1</integer>
		</dict>
	</array>
</dict>
</plist>
