<?xml version="1.0" encoding="UTF-8"?>
<!DOCTYPE plist PUBLIC "-//Apple//DTD PLIST 1.0//EN" "http://www.apple.com/DTDs/PropertyList-1.0.dtd">
<plist version="1.0">
<dict>
	<key>LayoutID</key>
	<integer>28</integer>
	<key>PathMapRef</key>
	<array>
		<dict>
			<key>CodecID</key>
			<array>
				<integer>283902569</integer>
			</array>
			<key>Headphone</key>
			<dict>
				<key>AmpPostDelay</key>
				<integer>50</integer>
				<key>AmpPreDelay</key>
				<integer>100</integer>
				<key>DefaultVolume</key>
				<integer>4292870144</integer>
				<key>Headset_dBV</key>
				<integer>-1055916032</integer>
			</dict>
			<key>Inputs</key>
			<array>
				<string>Mic</string>
				<string>LineIn</string>
			</array>
			<key>IntSpeaker</key>
			<dict>
				<key>DefaultVolume</key>
				<integer>4293722112</integer>
				<key>MaximumBootBeepValue</key>
				<integer>48</integer>
				<key>MuteGPIO</key>
				<integer>0</integer>
				<key>SignalProcessing</key>
				<dict>
					<key>SoftwareDSP</key>
					<dict>
						<key>DspFunction0</key>
						<dict>
							<key>FunctionInfo</key>
							<dict>
								<key>DspFuncInstance</key>
								<integer>0</integer>
								<key>DspFuncName</key>
								<string>DspEqualization</string>
								<key>DspFuncProcessingIndex</key>
								<integer>0</integer>
							</dict>
							<key>ParameterInfo</key>
							<dict>
								<key>1</key>
								<integer>0</integer>
								<key>Filter</key>
								<array>
									<dict>
										<key>2</key>
										<integer>0</integer>
										<key>3</key>
										<integer>0</integer>
										<key>4</key>
										<integer>0</integer>
										<key>5</key>
										<integer>1</integer>
										<key>6</key>
										<integer>1121130925</integer>
										<key>7</key>
										<integer>1062181913</integer>
										<key>8</key>
										<integer>-1051960877</integer>
									</dict>
									<dict>
										<key>2</key>
										<integer>1</integer>
										<key>3</key>
										<integer>0</integer>
										<key>4</key>
										<integer>0</integer>
										<key>5</key>
										<integer>1</integer>
										<key>6</key>
										<integer>1121437227</integer>
										<key>7</key>
										<integer>1062181913</integer>
										<key>8</key>
										<integer>-1052549551</integer>
									</dict>
									<dict>
										<key>2</key>
										<integer>0</integer>
										<key>3</key>
										<integer>1</integer>
										<key>4</key>
										<integer>0</integer>
										<key>5</key>
										<integer>4</integer>
										<key>6</key>
										<integer>1147243075</integer>
										<key>7</key>
										<integer>1069052072</integer>
										<key>8</key>
										<integer>-1059648963</integer>
									</dict>
									<dict>
										<key>2</key>
										<integer>1</integer>
										<key>3</key>
										<integer>1</integer>
										<key>4</key>
										<integer>0</integer>
										<key>5</key>
										<integer>4</integer>
										<key>6</key>
										<integer>1147243075</integer>
										<key>7</key>
										<integer>1069052072</integer>
										<key>8</key>
										<integer>-1059648963</integer>
									</dict>
									<dict>
										<key>2</key>
										<integer>0</integer>
										<key>3</key>
										<integer>2</integer>
										<key>4</key>
										<integer>0</integer>
										<key>5</key>
										<integer>4</integer>
										<key>6</key>
										<integer>1153510794</integer>
										<key>7</key>
										<integer>1079650306</integer>
										<key>8</key>
										<integer>0</integer>
									</dict>
									<dict>
										<key>2</key>
										<integer>1</integer>
										<key>3</key>
										<integer>2</integer>
										<key>4</key>
										<integer>0</integer>
										<key>5</key>
										<integer>4</integer>
										<key>6</key>
										<integer>1153270572</integer>
										<key>7</key>
										<integer>1074610652</integer>
										<key>8</key>
										<integer>-1062064882</integer>
									</dict>
									<dict>
										<key>2</key>
										<integer>0</integer>
										<key>3</key>
										<integer>3</integer>
										<key>4</key>
										<integer>0</integer>
										<key>5</key>
										<integer>4</integer>
										<key>6</key>
										<integer>1163795438</integer>
										<key>7</key>
										<integer>1076603811</integer>
										<key>8</key>
										<integer>0</integer>
									</dict>
									<dict>
										<key>2</key>
										<integer>1</integer>
										<key>3</key>
										<integer>3</integer>
										<key>4</key>
										<integer>0</integer>
										<key>5</key>
										<integer>4</integer>
										<key>6</key>
										<integer>1163927873</integer>
										<key>7</key>
										<integer>1076557096</integer>
										<key>8</key>
										<integer>-1067488498</integer>
									</dict>
									<dict>
										<key>2</key>
										<integer>0</integer>
										<key>3</key>
										<integer>4</integer>
										<key>4</key>
										<integer>0</integer>
										<key>5</key>
										<integer>5</integer>
										<key>6</key>
										<integer>1165447446</integer>
										<key>7</key>
										<integer>1093664768</integer>
										<key>8</key>
										<integer>-1094411354</integer>
									</dict>
									<dict>
										<key>2</key>
										<integer>1</integer>
										<key>3</key>
										<integer>4</integer>
										<key>4</key>
										<integer>0</integer>
										<key>5</key>
										<integer>5</integer>
										<key>6</key>
										<integer>1137180672</integer>
										<key>7</key>
										<integer>1093664768</integer>
										<key>8</key>
										<integer>-1095204569</integer>
									</dict>
									<dict>
										<key>2</key>
										<integer>0</integer>
										<key>3</key>
										<integer>5</integer>
										<key>4</key>
										<integer>0</integer>
										<key>5</key>
										<integer>1</integer>
										<key>6</key>
										<integer>1120722521</integer>
										<key>7</key>
										<integer>1060714809</integer>
										<key>8</key>
										<integer>-1064028699</integer>
									</dict>
									<dict>
										<key>2</key>
										<integer>1</integer>
										<key>3</key>
										<integer>5</integer>
										<key>4</key>
										<integer>0</integer>
										<key>5</key>
										<integer>1</integer>
										<key>6</key>
										<integer>1120926723</integer>
										<key>7</key>
										<integer>1060714809</integer>
										<key>8</key>
										<integer>-1079922904</integer>
									</dict>
									<dict>
										<key>2</key>
										<integer>0</integer>
										<key>3</key>
										<integer>6</integer>
										<key>4</key>
										<integer>0</integer>
										<key>5</key>
										<integer>4</integer>
										<key>6</key>
										<integer>1125212588</integer>
										<key>7</key>
										<integer>1062958591</integer>
										<key>8</key>
										<integer>-1070587707</integer>
									</dict>
									<dict>
										<key>2</key>
										<integer>1</integer>
										<key>3</key>
										<integer>6</integer>
										<key>4</key>
										<integer>0</integer>
										<key>5</key>
										<integer>4</integer>
										<key>6</key>
										<integer>1125238907</integer>
										<key>7</key>
										<integer>1062998322</integer>
										<key>8</key>
										<integer>-1071124578</integer>
									</dict>
									<dict>
										<key>2</key>
										<integer>0</integer>
										<key>3</key>
										<integer>7</integer>
										<key>4</key>
										<integer>0</integer>
										<key>5</key>
										<integer>4</integer>
										<key>6</key>
										<integer>1122038312</integer>
										<key>7</key>
										<integer>1074440875</integer>
										<key>8</key>
										<integer>-1061498991</integer>
									</dict>
									<dict>
										<key>2</key>
										<integer>1</integer>
										<key>3</key>
										<integer>7</integer>
										<key>4</key>
										<integer>0</integer>
										<key>5</key>
										<integer>4</integer>
										<key>6</key>
										<integer>1121924912</integer>
										<key>7</key>
										<integer>1074271873</integer>
										<key>8</key>
										<integer>-1061498991</integer>
									</dict>
									<dict>
										<key>2</key>
										<integer>0</integer>
										<key>3</key>
										<integer>8</integer>
										<key>4</key>
										<integer>0</integer>
										<key>5</key>
										<integer>4</integer>
										<key>6</key>
										<integer>1128612513</integer>
										<key>7</key>
										<integer>1079014663</integer>
										<key>8</key>
										<integer>-1059382945</integer>
									</dict>
									<dict>
										<key>2</key>
										<integer>1</integer>
										<key>3</key>
										<integer>8</integer>
										<key>4</key>
										<integer>0</integer>
										<key>5</key>
										<integer>4</integer>
										<key>6</key>
										<integer>1126665806</integer>
										<key>7</key>
										<integer>1087746943</integer>
										<key>8</key>
										<integer>-1063010452</integer>
									</dict>
									<dict>
										<key>2</key>
										<integer>0</integer>
										<key>3</key>
										<integer>9</integer>
										<key>4</key>
										<integer>0</integer>
										<key>5</key>
										<integer>6</integer>
										<key>6</key>
										<integer>1157720978</integer>
										<key>7</key>
										<integer>1103101952</integer>
										<key>8</key>
										<integer>-1076613600</integer>
									</dict>
									<dict>
										<key>2</key>
										<integer>1</integer>
										<key>3</key>
										<integer>9</integer>
										<key>4</key>
										<integer>0</integer>
										<key>5</key>
										<integer>6</integer>
										<key>6</key>
										<integer>1157720978</integer>
										<key>7</key>
										<integer>1103393070</integer>
										<key>8</key>
										<integer>-1076613600</integer>
									</dict>
								</array>
							</dict>
							<key>PatchbayInfo</key>
							<dict/>
						</dict>
						<key>DspFunction1</key>
						<dict>
							<key>FunctionInfo</key>
							<dict>
								<key>DspFuncInstance</key>
								<integer>1</integer>
								<key>DspFuncName</key>
								<string>DspVirtualization</string>
								<key>DspFuncProcessingIndex</key>
								<integer>1</integer>
							</dict>
							<key>ParameterInfo</key>
							<dict>
								<key>1</key>
								<integer>0</integer>
								<key>10</key>
								<integer>0</integer>
								<key>11</key>
								<integer>1</integer>
								<key>12</key>
								<integer>-1060850508</integer>
								<key>13</key>
								<integer>-1038329254</integer>
								<key>14</key>
								<integer>10</integer>
								<key>15</key>
								<integer>210</integer>
								<key>16</key>
								<integer>-1049408692</integer>
								<key>17</key>
								<integer>5</integer>
								<key>18</key>
								<integer>182</integer>
								<key>19</key>
								<integer>418</integer>
								<key>2</key>
								<integer>-1082130432</integer>
								<key>20</key>
								<integer>-1038976903</integer>
								<key>21</key>
								<integer>3</integer>
								<key>22</key>
								<integer>1633</integer>
								<key>23</key>
								<integer>4033</integer>
								<key>24</key>
								<integer>-1046401747</integer>
								<key>25</key>
								<integer>4003</integer>
								<key>26</key>
								<integer>9246</integer>
								<key>27</key>
								<integer>168</integer>
								<key>28</key>
								<integer>1060875180</integer>
								<key>29</key>
								<integer>0</integer>
								<key>3</key>
								<integer>-1085584568</integer>
								<key>30</key>
								<integer>-1048128813</integer>
								<key>31</key>
								<integer>982552730</integer>
								<key>32</key>
								<integer>16</integer>
								<key>33</key>
								<integer>-1063441106</integer>
								<key>34</key>
								<integer>1008902816</integer>
								<key>35</key>
								<integer>4</integer>
								<key>36</key>
								<integer>-1059986974</integer>
								<key>37</key>
								<integer>0</integer>
								<key>38</key>
								<integer>234</integer>
								<key>39</key>
								<integer>1</integer>
								<key>4</key>
								<integer>-1094466626</integer>
								<key>40</key>
								<integer>-1047912930</integer>
								<key>41</key>
								<integer>1022423360</integer>
								<key>42</key>
								<integer>0</integer>
								<key>43</key>
								<data>
								RSWWvHa0y7xk
								1B68zLkYvBRE
								+Tvd8kM6usKs
								PEA8jDwkap48
								utYFvM8p7LyL
								F867Tg/ku9Uh
								FD3lKnO8yFQI
								Pc/PoLzKPoE9
								VliZvVAiGD1D
								Ua692FG0PaD8
								kb1s7dW8Cvd1
								P4AH1rx9+ZG9
								hGC0PYMirr06
								lRg9rRuZvShf
								gT0Kz6C8SkAI
								PbC7c7yNMxQ9
								0sniu9BQy7uM
								Ieu8wK0EvN4b
								nzwcZ4o8Xuer
								PN1Lhzk6gfk7
								OnQgvG5lGrzU
								Rc+8ogiRvJL8
								ELwRvBg8qQGU
								PM4QWzzNMaQ7
								QlzSu3iKYbsK
								SbK7kk/tuhTx
								lruJRKu6DVSw
								ORAuiLrWfoA6
								Hp+ZOAAAAAAA
								AAAAAAAAAAAA
								AAAAAAAAAAAA
								AAAAAAAAAAAA
								AAAAAAAAAAAA
								AAAAAAAAAAAA
								AAAAAAAAAAAA
								AAAAAAAAAAAA
								AAAAAAAAAAAA
								AAAAAAAAAAAA
								AAAAAAAAAAAA
								AAAAAAAAAAAA
								AAAAAAAAAAAA
								AAAAAAAAAAAA
								AAAAAAAAAAAA
								AAAAAAAAAAAA
								AAAAAAAAAAAA
								AAAAAAAAAAAA
								AAAAAAAAAAAA
								AAAAAAAAAAAA
								AAAAAAAAAAAA
								AAAAAAAAAAAA
								AAAAAAAAAAAA
								AAAAAAAAAAAA
								AAAAAAAAAAAA
								AAAAAAAAAAAA
								AAAAAAAAAAAA
								AAAAAAAAAAAA
								AAAAAAAAAACa
								srC7Y0/Tu/+3
								lLv0l7I5r0ST
								O4dM6DtPRRM8
								zbj/O+Y2ijtW
								lU67mDwmvK2+
								GLyKIpu7Sp34
								um8TZDkTvp+7
								UZuaOWcGRTrf
								22i7D3MfPOY9
								aTyK8oA94CaQ
								Pc3Y2z0d9Ik+
								N3BQPv60hz28
								u6M975E8PZYj
								DT2eVgk9Xp1G
								PfiKqz3S4U49
								E7QoPZLzJj3+
								XNg8D5bCPMiR
								lTyuLAM9dBEc
								PTXIDT0m1xE9
								o7/NPE+Cazye
								/qw7Xhdjuyen
								1LtqMOG7/Eo9
								uxlBXDt1St07
								kpvdO/gnTjt2
								Fp+6TB9fu5za
								ebsv4Eq7A5TZ
								uitNbDdKjzU6
								P09zOCMxIrpt
								VnS6N9iquxzN
								uLtj5XC7lxMi
								Oe/WVDsBH407
								KMBOO9ILWDn1
								ciO7L+CmuyDt
								3bue4My7DhNp
								u0im9jqJ+8E7
								SMSkOz/fcTuD
								/q46618ZO3Wr
								lDvWWeQ6c5P0
								O7L/zjvkHyw8
								jTzBO4rc27wJ
								i9C8CA22vV/0
								Mb4d7eO9Z36A
								vVu0gr1iViO9
								JtsOvYwn8rw1
								AkS9UTJzvQ2W
								Kb22Niu9aQQT
								vU2n3rzvEbC8
								mcWGvHkexLz8
								tKu86dpLvOic
								NbzF2eK7zCAv
								u2TPYTpu+pw7
								oyjHO5aduDv6
								0iA7afr8uq46
								j7sjqZK7q6Ae
								uxms8bjz6Ks6
								MH/gOstk3jra
								8q86emMsOkUl
								lrx2tMu8ZNQe
								vMy5GLwURPk7
								3fJDOrrCrDxA
								PIw8JGqePLrW
								BbzPKey8ixfO
								u04P5LvVIRQ9
								5SpzvMhUCD3P
								z6C8yj6BPVZY
								mb1QIhg9Q1Gu
								vdhRtD2g/JG9
								bO3VvAr3dT+A
								B9a8ffmRvYRg
								tD2DIq69OpUY
								Pa0bmb0oX4E9
								Cs+gvEpACD2w
								u3O8jTMUPdLJ
								4rvQUMu7jCHr
								vMCtBLzeG588
								HGeKPF7nqzzd
								S4c5OoH5Ozp0
								ILxuZRq81EXP
								vKIIkbyS/BC8
								EbwYPKkBlDzO
								EFs8zTGkO0Jc
								0rt4imG7Ckmy
								u5JP7boU8Za7
								iUSrug1UsDkQ
								Loi61n6AOh6f
								mTg=
								</data>
								<key>5</key>
								<integer>-1056748724</integer>
								<key>6</key>
								<integer>0</integer>
								<key>7</key>
								<integer>0</integer>
								<key>8</key>
								<integer>0</integer>
								<key>9</key>
								<integer>0</integer>
							</dict>
							<key>PatchbayInfo</key>
							<dict>
								<key>InputPort0</key>
								<dict>
									<key>PortInstance</key>
									<integer>0</integer>
									<key>PortWidth</key>
									<integer>1</integer>
									<key>SourceFuncInstance</key>
									<integer>0</integer>
									<key>SourcePortIndex</key>
									<integer>0</integer>
								</dict>
								<key>InputPort1</key>
								<dict>
									<key>PortInstance</key>
									<integer>1</integer>
									<key>PortWidth</key>
									<integer>1</integer>
									<key>SourceFuncInstance</key>
									<integer>0</integer>
									<key>SourcePortIndex</key>
									<integer>1</integer>
								</dict>
							</dict>
						</dict>
						<key>DspFunction2</key>
						<dict>
							<key>FunctionInfo</key>
							<dict>
								<key>DspFuncInstance</key>
								<integer>1</integer>
								<key>DspFuncName</key>
								<string>DspMultibandDRC</string>
								<key>DspFuncProcessingIndex</key>
								<integer>1</integer>
							</dict>
							<key>ParameterInfo</key>
							<dict>
								<key>1</key>
								<integer>0</integer>
								<key>Crossover</key>
								<dict>
									<key>4</key>
									<integer>2</integer>
									<key>5</key>
									<integer>0</integer>
									<key>6</key>
									<integer>1143079818</integer>
								</dict>
								<key>Limiter</key>
								<array>
									<dict>
										<key>10</key>
										<integer>-1058198226</integer>
										<key>11</key>
										<integer>1094651663</integer>
										<key>12</key>
										<integer>-1047897509</integer>
										<key>13</key>
										<integer>1067573730</integer>
										<key>14</key>
										<integer>-1027604480</integer>
										<key>15</key>
										<integer>1065353216</integer>
										<key>16</key>
										<integer>1065353216</integer>
										<key>17</key>
										<integer>1073741824</integer>
										<key>18</key>
										<integer>1103811283</integer>
										<key>19</key>
										<integer>1086830520</integer>
										<key>2</key>
										<integer>1</integer>
										<key>20</key>
										<integer>1137180672</integer>
										<key>21</key>
										<integer>0</integer>
										<key>22</key>
										<integer>0</integer>
										<key>23</key>
										<integer>1</integer>
										<key>3</key>
										<integer>0</integer>
										<key>7</key>
										<integer>0</integer>
										<key>8</key>
										<integer>0</integer>
										<key>9</key>
										<integer>-1096637784</integer>
									</dict>
									<dict>
										<key>10</key>
										<integer>-1060418742</integer>
										<key>11</key>
										<integer>1086941546</integer>
										<key>12</key>
										<integer>-1047786484</integer>
										<key>13</key>
										<integer>1067919143</integer>
										<key>14</key>
										<integer>-1027604480</integer>
										<key>15</key>
										<integer>1065353216</integer>
										<key>16</key>
										<integer>1065353216</integer>
										<key>17</key>
										<integer>1073741824</integer>
										<key>18</key>
										<integer>1111814385</integer>
										<key>19</key>
										<integer>1101004800</integer>
										<key>2</key>
										<integer>2</integer>
										<key>20</key>
										<integer>1137180672</integer>
										<key>21</key>
										<integer>0</integer>
										<key>22</key>
										<integer>0</integer>
										<key>23</key>
										<integer>1</integer>
										<key>3</key>
										<integer>0</integer>
										<key>7</key>
										<integer>0</integer>
										<key>8</key>
										<integer>0</integer>
										<key>9</key>
										<integer>-1099105016</integer>
									</dict>
								</array>
							</dict>
							<key>PatchbayInfo</key>
							<dict>
								<key>InputPort0</key>
								<dict>
									<key>PortInstance</key>
									<integer>0</integer>
									<key>PortWidth</key>
									<integer>1</integer>
									<key>SourceFuncInstance</key>
									<integer>0</integer>
									<key>SourcePortIndex</key>
									<integer>0</integer>
								</dict>
								<key>InputPort1</key>
								<dict>
									<key>PortInstance</key>
									<integer>1</integer>
									<key>PortWidth</key>
									<integer>1</integer>
									<key>SourceFuncInstance</key>
									<integer>0</integer>
									<key>SourcePortIndex</key>
									<integer>1</integer>
								</dict>
							</dict>
						</dict>
					</dict>
				</dict>
			</dict>
			<key>LineIn</key>
			<dict>
				<key>MuteGPIO</key>
				<integer>1342242840</integer>
				<key>SignalProcessing</key>
				<dict>
					<key>SoftwareDSP</key>
					<dict>
						<key>DspFunction0</key>
						<dict>
							<key>FunctionInfo</key>
							<dict>
								<key>DspFuncInstance</key>
								<integer>0</integer>
								<key>DspFuncName</key>
								<string>DspNoiseReduction</string>
								<key>DspFuncProcessingIndex</key>
								<integer>0</integer>
							</dict>
							<key>ParameterInfo</key>
							<dict>
								<key>1</key>
								<integer>0</integer>
								<key>2</key>
								<integer>1</integer>
								<key>3</key>
								<integer>0</integer>
								<key>4</key>
								<integer>-1073029587</integer>
								<key>5</key>
								<data>
								UNiAwmgCb8Kc
								oIHCjGeGwko3
								g8KLS3nClQV9
								wnr7hMLRp43C
								AIiSwlajlcLn
								K5jCHMuYwrl9
								lcJXm4/CBhmQ
								wuJvlMKbxJTC
								7qyUwtjDl8KU
								+ZzCnCaewsmu
								ncK/i5/CJtSe
								wp8um8Lex5rC
								2QCdwq1lnsJ1
								05zC9qmcwrMc
								nsLj/qDCZs2h
								whtCocIFoZ/C
								CxOewrxwncIK
								iZrCyO+Ywsmt
								msID5p7CeNqf
								whNMncKWIp3C
								hrycwiJcm8Ik
								jJ3CsKqfwuBy
								n8Iu8ZvCvyiW
								whbdkcIEu4vC
								UfWLwoYrlcIy
								5J3Ci9ycwp0l
								nsK0QaDCOiyg
								wnxdn8IztJ7C
								iq2fwhFzosLI
								ZaPCwUOjwo6T
								osIkR6LC6veh
								wtrwosIdtJ/C
								XLmbwlSZmcKD
								hJXCDFGRwnV6
								j8JTjY/CrqGQ
								wgqYk8INzpjC
								uTufwrjlocKv
								iKPC5Yqlwgdm
								pcKZ2aXCGium
								wq95osJOIJ/C
								xl+ewtWGl8Km
								PJPC+sSawkdH
								o8JWB6LCskyh
								wqk7pcIth6nC
								h4Wswk+crcK9
								J6zCYJWqwmVJ
								q8K8063C+1Gu
								wiQAqMJjvZ/C
								jo2hwsParsLR
								XrXCec63wr6I
								ucLzD7rCuQy7
								wjs8vsKfJsLC
								xgrFwqVeyMIT
								6srCU+nMwv+M
								0MKaftbCpcjd
								wm+p5sL/CfHC
								HcT8wrp3A8Pi
								JAzD
								</data>
							</dict>
							<key>PatchbayInfo</key>
							<dict/>
						</dict>
						<key>DspFunction1</key>
						<dict>
							<key>FunctionInfo</key>
							<dict>
								<key>DspFuncInstance</key>
								<integer>1</integer>
								<key>DspFuncName</key>
								<string>DspGainStage</string>
								<key>DspFuncProcessingIndex</key>
								<integer>1</integer>
							</dict>
							<key>ParameterInfo</key>
							<dict>
								<key>1</key>
								<integer>0</integer>
								<key>2</key>
								<integer>1078616770</integer>
								<key>3</key>
								<integer>1078616770</integer>
							</dict>
							<key>PatchbayInfo</key>
							<dict>
								<key>InputPort0</key>
								<dict>
									<key>PortInstance</key>
									<integer>0</integer>
									<key>PortWidth</key>
									<integer>1</integer>
									<key>SourceFuncInstance</key>
									<integer>0</integer>
									<key>SourcePortIndex</key>
									<integer>0</integer>
								</dict>
								<key>InputPort1</key>
								<dict>
									<key>PortInstance</key>
									<integer>1</integer>
									<key>PortWidth</key>
									<integer>1</integer>
									<key>SourceFuncInstance</key>
									<integer>0</integer>
									<key>SourcePortIndex</key>
									<integer>1</integer>
								</dict>
							</dict>
						</dict>
						<key>DspFunction2</key>
						<dict>
							<key>FunctionInfo</key>
							<dict>
								<key>DspFuncInstance</key>
								<integer>2</integer>
								<key>DspFuncName</key>
								<string>DspEqualization</string>
								<key>DspFuncProcessingIndex</key>
								<integer>2</integer>
							</dict>
							<key>ParameterInfo</key>
							<dict>
								<key>1</key>
								<integer>0</integer>
								<key>Filter</key>
								<array>
									<dict>
										<key>2</key>
										<integer>2</integer>
										<key>3</key>
										<integer>0</integer>
										<key>4</key>
										<integer>0</integer>
										<key>5</key>
										<integer>1</integer>
										<key>6</key>
										<integer>1132560510</integer>
										<key>7</key>
										<integer>1064190664</integer>
										<key>8</key>
										<integer>-1057196819</integer>
									</dict>
									<dict>
										<key>2</key>
										<integer>2</integer>
										<key>3</key>
										<integer>8</integer>
										<key>4</key>
										<integer>0</integer>
										<key>5</key>
										<integer>4</integer>
										<key>6</key>
										<integer>1150544383</integer>
										<key>7</key>
										<integer>1068848526</integer>
										<key>8</key>
										<integer>-1073422534</integer>
									</dict>
									<dict>
										<key>2</key>
										<integer>2</integer>
										<key>3</key>
										<integer>15</integer>
										<key>4</key>
										<integer>0</integer>
										<key>5</key>
										<integer>0</integer>
										<key>6</key>
										<integer>1182094222</integer>
										<key>7</key>
										<integer>1063679547</integer>
										<key>8</key>
										<integer>-1048213171</integer>
									</dict>
								</array>
							</dict>
							<key>PatchbayInfo</key>
							<dict>
								<key>InputPort0</key>
								<dict>
									<key>PortInstance</key>
									<integer>0</integer>
									<key>PortWidth</key>
									<integer>1</integer>
									<key>SourceFuncInstance</key>
									<integer>1</integer>
									<key>SourcePortIndex</key>
									<integer>0</integer>
								</dict>
								<key>InputPort1</key>
								<dict>
									<key>PortInstance</key>
									<integer>1</integer>
									<key>PortWidth</key>
									<integer>1</integer>
									<key>SourceFuncInstance</key>
									<integer>1</integer>
									<key>SourcePortIndex</key>
									<integer>1</integer>
								</dict>
							</dict>
						</dict>
						<key>DspFunction3</key>
						<dict>
							<key>FunctionInfo</key>
							<dict>
								<key>DspFuncInstance</key>
								<integer>3</integer>
								<key>DspFuncName</key>
								<string>DspMultibandDRC</string>
								<key>DspFuncProcessingIndex</key>
								<integer>3</integer>
							</dict>
							<key>ParameterInfo</key>
							<dict>
								<key>1</key>
								<integer>0</integer>
								<key>Crossover</key>
								<dict>
									<key>4</key>
									<integer>1</integer>
									<key>5</key>
									<integer>0</integer>
									<key>6</key>
									<integer>1128792064</integer>
								</dict>
								<key>Limiter</key>
								<array>
									<dict>
										<key>10</key>
										<integer>-1068807345</integer>
										<key>11</key>
										<integer>1097982434</integer>
										<key>12</key>
										<integer>-1038380141</integer>
										<key>13</key>
										<integer>1068906038</integer>
										<key>14</key>
										<integer>-1036233644</integer>
										<key>15</key>
										<integer>1065353216</integer>
										<key>16</key>
										<integer>1101004800</integer>
										<key>17</key>
										<integer>1101004800</integer>
										<key>18</key>
										<integer>1128792064</integer>
										<key>19</key>
										<integer>1101004800</integer>
										<key>2</key>
										<integer>1</integer>
										<key>20</key>
										<integer>1127866850</integer>
										<key>21</key>
										<integer>0</integer>
										<key>22</key>
										<integer>0</integer>
										<key>23</key>
										<integer>1</integer>
										<key>3</key>
										<integer>0</integer>
										<key>7</key>
										<integer>0</integer>
										<key>8</key>
										<integer>0</integer>
										<key>9</key>
										<integer>0</integer>
									</dict>
								</array>
							</dict>
							<key>PatchbayInfo</key>
							<dict>
								<key>InputPort0</key>
								<dict>
									<key>PortInstance</key>
									<integer>0</integer>
									<key>PortWidth</key>
									<integer>1</integer>
									<key>SourceFuncInstance</key>
									<integer>2</integer>
									<key>SourcePortIndex</key>
									<integer>0</integer>
								</dict>
								<key>InputPort1</key>
								<dict>
									<key>PortInstance</key>
									<integer>1</integer>
									<key>PortWidth</key>
									<integer>1</integer>
									<key>SourceFuncInstance</key>
									<integer>2</integer>
									<key>SourcePortIndex</key>
									<integer>1</integer>
								</dict>
							</dict>
						</dict>
					</dict>
				</dict>
			</dict>
			<key>Mic</key>
			<dict>
				<key>MuteGPIO</key>
				<integer>1342242841</integer>
				<key>SignalProcessing</key>
				<dict>
					<key>SoftwareDSP</key>
					<dict>
						<key>DspFunction0</key>
						<dict>
							<key>FunctionInfo</key>
							<dict>
								<key>DspFuncInstance</key>
								<integer>0</integer>
								<key>DspFuncName</key>
								<string>DspNoiseReduction</string>
								<key>DspFuncProcessingIndex</key>
								<integer>0</integer>
							</dict>
							<key>ParameterInfo</key>
							<dict>
								<key>1</key>
								<integer>0</integer>
								<key>2</key>
								<integer>1</integer>
								<key>3</key>
								<integer>0</integer>
								<key>4</key>
								<integer>-1073029587</integer>
								<key>5</key>
								<data>
								UNiAwmgCb8Kc
								oIHCjGeGwko3
								g8KLS3nClQV9
								wnr7hMLRp43C
								AIiSwlajlcLn
								K5jCHMuYwrl9
								lcJXm4/CBhmQ
								wuJvlMKbxJTC
								7qyUwtjDl8KU
								+ZzCnCaewsmu
								ncK/i5/CJtSe
								wp8um8Lex5rC
								2QCdwq1lnsJ1
								05zC9qmcwrMc
								nsLj/qDCZs2h
								whtCocIFoZ/C
								CxOewrxwncIK
								iZrCyO+Ywsmt
								msID5p7CeNqf
								whNMncKWIp3C
								hrycwiJcm8Ik
								jJ3CsKqfwuBy
								n8Iu8ZvCvyiW
								whbdkcIEu4vC
								UfWLwoYrlcIy
								5J3Ci9ycwp0l
								nsK0QaDCOiyg
								wnxdn8IztJ7C
								iq2fwhFzosLI
								ZaPCwUOjwo6T
								osIkR6LC6veh
								wtrwosIdtJ/C
								XLmbwlSZmcKD
								hJXCDFGRwnV6
								j8JTjY/CrqGQ
								wgqYk8INzpjC
								uTufwrjlocKv
								iKPC5Yqlwgdm
								pcKZ2aXCGium
								wq95osJOIJ/C
								xl+ewtWGl8Km
								PJPC+sSawkdH
								o8JWB6LCskyh
								wqk7pcIth6nC
								h4Wswk+crcK9
								J6zCYJWqwmVJ
								q8K8063C+1Gu
								wiQAqMJjvZ/C
								jo2hwsParsLR
								XrXCec63wr6I
								ucLzD7rCuQy7
								wjs8vsKfJsLC
								xgrFwqVeyMIT
								6srCU+nMwv+M
								0MKaftbCpcjd
								wm+p5sL/CfHC
								HcT8wrp3A8Pi
								JAzD
								</data>
							</dict>
							<key>PatchbayInfo</key>
							<dict/>
						</dict>
						<key>DspFunction1</key>
						<dict>
							<key>FunctionInfo</key>
							<dict>
								<key>DspFuncInstance</key>
								<integer>1</integer>
								<key>DspFuncName</key>
								<string>DspGainStage</string>
								<key>DspFuncProcessingIndex</key>
								<integer>1</integer>
							</dict>
							<key>ParameterInfo</key>
							<dict>
								<key>1</key>
								<integer>0</integer>
								<key>2</key>
								<integer>1078616770</integer>
								<key>3</key>
								<integer>1078616770</integer>
							</dict>
							<key>PatchbayInfo</key>
							<dict>
								<key>InputPort0</key>
								<dict>
									<key>PortInstance</key>
									<integer>0</integer>
									<key>PortWidth</key>
									<integer>1</integer>
									<key>SourceFuncInstance</key>
									<integer>0</integer>
									<key>SourcePortIndex</key>
									<integer>0</integer>
								</dict>
								<key>InputPort1</key>
								<dict>
									<key>PortInstance</key>
									<integer>1</integer>
									<key>PortWidth</key>
									<integer>1</integer>
									<key>SourceFuncInstance</key>
									<integer>0</integer>
									<key>SourcePortIndex</key>
									<integer>1</integer>
								</dict>
							</dict>
						</dict>
						<key>DspFunction2</key>
						<dict>
							<key>FunctionInfo</key>
							<dict>
								<key>DspFuncInstance</key>
								<integer>2</integer>
								<key>DspFuncName</key>
								<string>DspEqualization</string>
								<key>DspFuncProcessingIndex</key>
								<integer>2</integer>
							</dict>
							<key>ParameterInfo</key>
							<dict>
								<key>1</key>
								<integer>0</integer>
								<key>Filter</key>
								<array>
									<dict>
										<key>2</key>
										<integer>2</integer>
										<key>3</key>
										<integer>0</integer>
										<key>4</key>
										<integer>0</integer>
										<key>5</key>
										<integer>1</integer>
										<key>6</key>
										<integer>1132560510</integer>
										<key>7</key>
										<integer>1064190664</integer>
										<key>8</key>
										<integer>-1057196819</integer>
									</dict>
									<dict>
										<key>2</key>
										<integer>2</integer>
										<key>3</key>
										<integer>8</integer>
										<key>4</key>
										<integer>0</integer>
										<key>5</key>
										<integer>4</integer>
										<key>6</key>
										<integer>1150544383</integer>
										<key>7</key>
										<integer>1068848526</integer>
										<key>8</key>
										<integer>-1073422534</integer>
									</dict>
									<dict>
										<key>2</key>
										<integer>2</integer>
										<key>3</key>
										<integer>15</integer>
										<key>4</key>
										<integer>0</integer>
										<key>5</key>
										<integer>0</integer>
										<key>6</key>
										<integer>1182094222</integer>
										<key>7</key>
										<integer>1063679547</integer>
										<key>8</key>
										<integer>-1048213171</integer>
									</dict>
								</array>
							</dict>
							<key>PatchbayInfo</key>
							<dict>
								<key>InputPort0</key>
								<dict>
									<key>PortInstance</key>
									<integer>0</integer>
									<key>PortWidth</key>
									<integer>1</integer>
									<key>SourceFuncInstance</key>
									<integer>1</integer>
									<key>SourcePortIndex</key>
									<integer>0</integer>
								</dict>
								<key>InputPort1</key>
								<dict>
									<key>PortInstance</key>
									<integer>1</integer>
									<key>PortWidth</key>
									<integer>1</integer>
									<key>SourceFuncInstance</key>
									<integer>1</integer>
									<key>SourcePortIndex</key>
									<integer>1</integer>
								</dict>
							</dict>
						</dict>
						<key>DspFunction3</key>
						<dict>
							<key>FunctionInfo</key>
							<dict>
								<key>DspFuncInstance</key>
								<integer>3</integer>
								<key>DspFuncName</key>
								<string>DspMultibandDRC</string>
								<key>DspFuncProcessingIndex</key>
								<integer>3</integer>
							</dict>
							<key>ParameterInfo</key>
							<dict>
								<key>1</key>
								<integer>0</integer>
								<key>Crossover</key>
								<dict>
									<key>4</key>
									<integer>1</integer>
									<key>5</key>
									<integer>0</integer>
									<key>6</key>
									<integer>1128792064</integer>
								</dict>
								<key>Limiter</key>
								<array>
									<dict>
										<key>10</key>
										<integer>-1068807345</integer>
										<key>11</key>
										<integer>1097982434</integer>
										<key>12</key>
										<integer>-1038380141</integer>
										<key>13</key>
										<integer>1068906038</integer>
										<key>14</key>
										<integer>-1036233644</integer>
										<key>15</key>
										<integer>1065353216</integer>
										<key>16</key>
										<integer>1101004800</integer>
										<key>17</key>
										<integer>1101004800</integer>
										<key>18</key>
										<integer>1128792064</integer>
										<key>19</key>
										<integer>1101004800</integer>
										<key>2</key>
										<integer>1</integer>
										<key>20</key>
										<integer>1127866850</integer>
										<key>21</key>
										<integer>0</integer>
										<key>22</key>
										<integer>0</integer>
										<key>23</key>
										<integer>1</integer>
										<key>3</key>
										<integer>0</integer>
										<key>7</key>
										<integer>0</integer>
										<key>8</key>
										<integer>0</integer>
										<key>9</key>
										<integer>0</integer>
									</dict>
								</array>
							</dict>
							<key>PatchbayInfo</key>
							<dict>
								<key>InputPort0</key>
								<dict>
									<key>PortInstance</key>
									<integer>0</integer>
									<key>PortWidth</key>
									<integer>1</integer>
									<key>SourceFuncInstance</key>
									<integer>2</integer>
									<key>SourcePortIndex</key>
									<integer>0</integer>
								</dict>
								<key>InputPort1</key>
								<dict>
									<key>PortInstance</key>
									<integer>1</integer>
									<key>PortWidth</key>
									<integer>1</integer>
									<key>SourceFuncInstance</key>
									<integer>2</integer>
									<key>SourcePortIndex</key>
									<integer>1</integer>
								</dict>
							</dict>
						</dict>
					</dict>
				</dict>
			</dict>
			<key>Outputs</key>
			<array>
				<string>Headphone</string>
				<string>IntSpeaker</string>
			</array>
			<key>PathMapID</key>
			<integer>269</integer>
		</dict>
	</array>
</dict>
</plist>
